{
  "ArithmeticError": {
    "code": 1000,
    "message": "Erreur mathématique détectée."
  },
  "FloatingPointError": {
    "code": 1001,
    "message": "Erreur liée à un nombre flottant."
  },
  "OverflowError": {
    "code": 1002,
    "message": "Dépassement de capacité lors d'une opération mathématique."
  },
  "ZeroDivisionError": {
    "code": 1003,
    "message": "Division par zéro non autorisée."
  },
  "AssertionError": {
    "code": 2000,
    "message": "Assertion échouée."
  },
  "AttributeError": {
    "code": 2001,
    "message": "Attribut manquant ou invalide."
  },
  "BufferError": {
    "code": 2002,
    "message": "Erreur liée au tampon mémoire."
  },
  "EOFError": {
    "code": 2003,
    "message": "Fin de fichier inattendue rencontrée."
  },
  "ImportError": {
    "code": 3000,
    "message": "Erreur lors de l'importation d'un module."
  },
  "ModuleNotFoundError": {
    "code": 3001,
    "message": "Le module spécifié est introuvable."
  },
  "LookupError": {
    "code": 4000,
    "message": "Erreur de recherche dans une collection."
  },
  "IndexError": {
    "code": 4001,
    "message": "Index hors des limites de la collection."
  },
  "KeyError": {
    "code": 4002,
    "message": "Clé manquante dans le dictionnaire."
  },
  "MemoryError": {
    "code": 5000,
    "message": "Mémoire insuffisante pour exécuter l'opération."
  },
  "NameError": {
    "code": 6000,
    "message": "Nom non défini dans le contexte actuel."
  },
  "UnboundLocalError": {
    "code": 6001,
    "message": "Variable locale utilisée avant d'être initialisée."
  },
  "OSError": {
    "code": 7000,
    "message": "Erreur liée au système d'exploitation."
  },
  "FileNotFoundError": {
    "code": 7001,
    "message": "Fichier ou répertoire introuvable."
  },
  "PermissionError": {
    "code": 7002,
    "message": "Permission refusée pour accéder à une ressource."
  },
  "TimeoutError": {
    "code": 7003,
    "message": "L'opération a dépassé le délai imparti."
  },
  "RuntimeError": {
    "code": 8000,
    "message": "Erreur d'exécution inattendue."
  },
  "NotImplementedError": {
    "code": 8001,
    "message": "La fonctionnalité n'est pas encore implémentée."
  },
  "StopIteration": {
    "code": 9000,
    "message": "Fin de l'itération atteinte."
  },
  "StopAsyncIteration": {
    "code": 9001,
    "message": "Fin de l'itération asynchrone atteinte."
  },
  "SyntaxError": {
    "code": 10000,
    "message": "Erreur de syntaxe détectée dans le code."
  },
  "IndentationError": {
    "code": 10001,
    "message": "Erreur d'indentation dans le code."
  },
  "TabError": {
    "code": 10002,
    "message": "Erreur liée à un mélange d'espaces et de tabulations."
  },
  "TypeError": {
    "code": 11000,
    "message": "Type de donnée incompatible."
  },
  "ValueError": {
    "code": 12000,
    "message": "Valeur invalide fournie."
  },
  "UnicodeError": {
    "code": 13000,
    "message": "Erreur liée à l'encodage Unicode."
  },
  "UnicodeDecodeError": {
    "code": 13001,
    "message": "Erreur de décodage Unicode."
  },
  "UnicodeEncodeError": {
    "code": 13002,
    "message": "Erreur d'encodage Unicode."
  },
  "UnicodeTranslateError": {
    "code": 13003,
    "message": "Erreur de traduction Unicode."
  },
  "Warning": {
    "code": 14000,
    "message": "Avertissement général détecté."
  },
  "DeprecationWarning": {
    "code": 14001,
    "message": "Avertissement : fonctionnalité obsolète."
  },
  "FutureWarning": {
    "code": 14002,
    "message": "Avertissement : comportement futur changeant."
  },
  "UserWarning": {
    "code": 14003,
    "message": "Avertissement personnalisé défini par l'utilisateur."
  },
  "default_error": {
    "code": 99999,
    "message": "Une erreur générique est survenue."
  }
}
